{
  "raw_results": {
    "metadata": {
      "python_version": "3.13.7",
      "platform": "Windows-11-10.0.26200-SP0",
      "numpy_version": "2.2.6"
    },
    "scalability": {
      "n_qubits": [
        2,
        2,
        2,
        3,
        3,
        3,
        4,
        4,
        4,
        5,
        5
      ],
      "depth": [
        10,
        25,
        50,
        10,
        25,
        50,
        10,
        25,
        50,
        10,
        25
      ],
      "time_mean": [
        0.0029733799980022012,
        0.0061859999899752435,
        0.012658040004316718,
        0.008722420013509691,
        0.02122685998911038,
        0.04170091999694705,
        0.02973714000545442,
        0.07268523998791351,
        0.15529586001066492,
        0.11526499999454246,
        0.28350524000125005
      ],
      "time_std": [
        0.0006062802730314866,
        0.0002607449955179256,
        0.0005941955851449049,
        0.0008608299219685234,
        0.0006984563403108744,
        0.0014725926290768848,
        0.0007246359728301519,
        0.00032840326889531986,
        0.004526453265918014,
        0.002717578162968952,
        0.009732472826268102
      ],
      "time_min": [
        0.0024557000142522156,
        0.005879199947230518,
        0.012199699995107949,
        0.007802800042554736,
        0.020642400020733476,
        0.0399442000198178,
        0.028995600005146116,
        0.07239089999347925,
        0.1510645000380464,
        0.11263539997162297,
        0.27435920003335923
      ],
      "time_max": [
        0.0038033999735489488,
        0.006468899955507368,
        0.013591199996881187,
        0.009631099994294345,
        0.02243449998786673,
        0.04376369999954477,
        0.030579300015233457,
        0.07313929998781532,
        0.16078289999859408,
        0.11859760002698749,
        0.2964253999525681
      ]
    },
    "quantum_vs_classical": {
      "magic_square": {
        "quantum_win_rate": 1.0,
        "classical_max_win_rate": 0.8888888888888888,
        "quantum_advantage": 0.11111111111111116,
        "improvement_factor": 1.125
      },
      "ghz_3_players": {
        "quantum_win_rate": 1.0,
        "classical_max_win_rate": 0.75,
        "quantum_advantage": 0.25,
        "improvement_factor": 1.3333333333333333
      },
      "ghz_scalability": {
        "n_3": {
          "quantum_win_rate": 1.0,
          "num_valid_inputs": 4
        },
        "n_4": {
          "quantum_win_rate": 1.0,
          "num_valid_inputs": 8
        },
        "n_5": {
          "quantum_win_rate": 1.0,
          "num_valid_inputs": 16
        },
        "n_6": {
          "quantum_win_rate": 1.0,
          "num_valid_inputs": 32
        }
      }
    },
    "error_correction": {
      "gamma_values": [
        0.01,
        0.02,
        0.05,
        0.1,
        0.15,
        0.2
      ],
      "fidelities": [
        {
          "before": 0.0,
          "after": 0.9999999999999998,
          "improvement": 0.9999999999999998
        },
        {
          "before": 0.0,
          "after": 0.9999999999999998,
          "improvement": 0.9999999999999998
        },
        {
          "before": 0.0,
          "after": 0.9999999999999998,
          "improvement": 0.9999999999999998
        },
        {
          "before": 0.0,
          "after": 0.9999999999999998,
          "improvement": 0.9999999999999998
        },
        {
          "before": 0.0,
          "after": 0.9999999999999998,
          "improvement": 0.9999999999999998
        },
        {
          "before": 0.0,
          "after": 0.9999999999999998,
          "improvement": 0.9999999999999998
        }
      ],
      "correction_times": [
        0.0003787999739870429,
        0.00031759997364133596,
        0.00032000005012378097,
        0.0005608999636024237,
        0.00031869998201727867,
        0.0003018999705091119
      ]
    },
    "decoherence_channels": {
      "phase_damping": {
        "time_mean_us": 12.109993258491158,
        "time_std_us": 8.748515397739878,
        "norm_reduction": 0.3934693402873666,
        "norm_final": 0.6065306597126334
      },
      "amplitude_damping": {
        "time_mean_us": 19.88000003620982,
        "time_std_us": 17.693365287194577,
        "norm_reduction": 0.10731539250483157,
        "norm_final": 0.8926846074951684
      },
      "depolarizing": {
        "time_mean_us": 10.69001154974103,
        "time_std_us": 19.76459495260278,
        "norm_reduction": 0.09999999999999998,
        "norm_final": 0.9
      }
    },
    "trajectory_scalability": {
      "num_steps": [
        10,
        25,
        50,
        100,
        200,
        500,
        1000
      ],
      "times": [
        9.985999204218388e-05,
        0.0002470799954608083,
        0.0004696600022725761,
        0.0010572999948635698,
        0.0018840000033378602,
        0.005374779994599521,
        0.009920779999811202
      ],
      "time_per_step": [
        9.985999204218388e-06,
        9.88319981843233e-06,
        9.393200045451522e-06,
        1.0572999948635699e-05,
        9.420000016689302e-06,
        1.0749559989199043e-05,
        9.920779999811202e-06
      ]
    },
    "memory_usage": {
      "n_2": {
        "state_size_bytes": 64,
        "gate_size_bytes": 256,
        "total_size_bytes": 320,
        "state_size_mb": 6.103515625e-05,
        "gate_size_mb": 0.000244140625,
        "total_size_mb": 0.00030517578125
      },
      "n_3": {
        "state_size_bytes": 128,
        "gate_size_bytes": 1024,
        "total_size_bytes": 1152,
        "state_size_mb": 0.0001220703125,
        "gate_size_mb": 0.0009765625,
        "total_size_mb": 0.0010986328125
      },
      "n_4": {
        "state_size_bytes": 256,
        "gate_size_bytes": 4096,
        "total_size_bytes": 4352,
        "state_size_mb": 0.000244140625,
        "gate_size_mb": 0.00390625,
        "total_size_mb": 0.004150390625
      },
      "n_5": {
        "state_size_bytes": 512,
        "gate_size_bytes": 16384,
        "total_size_bytes": 16896,
        "state_size_mb": 0.00048828125,
        "gate_size_mb": 0.015625,
        "total_size_mb": 0.01611328125
      },
      "n_6": {
        "state_size_bytes": 1024,
        "gate_size_bytes": 65536,
        "total_size_bytes": 66560,
        "state_size_mb": 0.0009765625,
        "gate_size_mb": 0.0625,
        "total_size_mb": 0.0634765625
      },
      "n_7": {
        "state_size_bytes": 2048,
        "gate_size_bytes": 262144,
        "total_size_bytes": 264192,
        "state_size_mb": 0.001953125,
        "gate_size_mb": 0.25,
        "total_size_mb": 0.251953125
      },
      "n_8": {
        "state_size_bytes": 4096,
        "gate_size_bytes": 1048576,
        "total_size_bytes": 1052672,
        "state_size_mb": 0.00390625,
        "gate_size_mb": 1.0,
        "total_size_mb": 1.00390625
      }
    },
    "operation_complexity": {
      "tensor_product": {
        "n_qubits": [
          2,
          4,
          6
        ],
        "time_mean": [
          2.6989995967596768e-05,
          6.389999762177468e-05,
          0.00017757999594323338
        ],
        "time_std": [
          1.0697907533962328e-05,
          2.4794497501515228e-05,
          1.5826890380219553e-05
        ]
      },
      "apply_operator": {
        "n_qubits": [],
        "time_mean": [],
        "time_std": []
      },
      "gate_on_qubit": {
        "n_qubits": [
          2,
          3,
          4,
          5,
          6
        ],
        "time_mean": [
          4.029999836347997e-05,
          0.00013818000443279743,
          0.0005090199992991984,
          0.0022546300082467497,
          0.007837290002498776
        ],
        "time_std": [
          5.1547178457841494e-06,
          8.23930778656625e-06,
          1.4109699678543436e-05,
          0.0003036251985579127,
          0.00019167122647434273
        ]
      }
    }
  },
  "latex_data": {
    "tables": {
      "quantum_vs_classical": {
        "rows": [
          [
            "Magic Square",
            "1.0000",
            "0.8889",
            "11.11\\%"
          ],
          [
            "GHZ (3 players)",
            "1.0000",
            "0.7500",
            "25.00\\%"
          ]
        ],
        "headers": [
          "Game",
          "Quantum",
          "Classical",
          "Advantage (\\%)"
        ]
      }
    },
    "plots": {
      "scalability": {
        "x": [
          2,
          2,
          2,
          3,
          3,
          3,
          4,
          4,
          4,
          5,
          5
        ],
        "y": [
          0.0029733799980022012,
          0.0061859999899752435,
          0.012658040004316718,
          0.008722420013509691,
          0.02122685998911038,
          0.04170091999694705,
          0.02973714000545442,
          0.07268523998791351,
          0.15529586001066492,
          0.11526499999454246,
          0.28350524000125005
        ],
        "y_err": [
          0.0006062802730314866,
          0.0002607449955179256,
          0.0005941955851449049,
          0.0008608299219685234,
          0.0006984563403108744,
          0.0014725926290768848,
          0.0007246359728301519,
          0.00032840326889531986,
          0.004526453265918014,
          0.002717578162968952,
          0.009732472826268102
        ],
        "xlabel": "Number of Qubits",
        "ylabel": "Time (seconds)",
        "title": "Quantum Simulator Scalability"
      },
      "error_correction": {
        "x": [
          0.01,
          0.02,
          0.05,
          0.1,
          0.15,
          0.2
        ],
        "y": [
          0.9999999999999998,
          0.9999999999999998,
          0.9999999999999998,
          0.9999999999999998,
          0.9999999999999998,
          0.9999999999999998
        ],
        "xlabel": "Error Rate (\u03b3)",
        "ylabel": "Fidelity After Correction",
        "title": "Error Correction Performance"
      }
    },
    "statistics": {
      "total_test_cases": {
        "decoherence": 70,
        "error_correction": 39,
        "nonlocality": 58,
        "total": 167
      },
      "quantum_advantages": {
        "magic_square_improvement": 1.125,
        "ghz_improvement": 1.3333333333333333,
        "magic_square_advantage_pct": 11.111111111111116,
        "ghz_advantage_pct": 25.0
      },
      "performance_metrics": {
        "fastest_channel_us": 10.69001154974103,
        "slowest_channel_us": 19.88000003620982,
        "avg_channel_time_us": 14.22666828148067
      },
      "scalability_factors": {
        "exponential_base": 3.1560531981399156,
        "scaling_exponent": 1.1493222590329186
      }
    }
  }
}